INSERT INTO users (username, password, role) VALUES('teach1', '$2b$10$Y8k1YvEghnFnrB3KntswCOTZJ569MDbEsHQd82gnF1RAQcgm0x8ZW', 'teacher'),
('teach2', '$2b$10$xVkvRGs3RRhmTHXgU0/h6uJwuvUUGGJp..DtYfn0p0wgMK6pBmY2S', 'teacher'),
('teach3', '$2b$10$r9.HAAgJWMtKiiMDZE.gLOXRCjEdkeHqWw9qECXV1GZfjOaWzuVEK', 'teacher'),
('teach4', '$2b$10$g85wReCoc6QeFVkddQnjT.jGDMgVbkjretak560Gz5oX.tri.J1/6', 'teacher'),
('teach5', '$2b$10$tKMfyAuZM53NXZEnb09kauUWLQjBymd0H0injcHsNezBcFouOSyEK', 'teacher'),
('teach6', '$2b$10$pmTsGBEWgbgE5mk9/YJL6uHtjuRUyCi7qe4uuXgaXHbqSREeXk1c6', 'teacher'),
('teach7', '$2b$10$.HePoTi2njhILdd0gPiwg.jCAeorYG8nqml2yzUw/YkuiLhdCi0OC', 'teacher'),
('teach8', '$2b$10$JvZAtv8Jch7mmX6NPTwE3eKCaCtN6m4TwcmkTHRCd39gbOUOLYAWa', 'teacher'),
('teach9', '$2b$10$UCbSB6Ci38PBhvDBQWOvae4fafzk4bKzWKeUgTt6bzjFRykeartSy', 'teacher'),
('teach10', '$2b$10$IQx0DBnOF/kZF37oK9ZWPuAC4M4io3Q2IpfyBC.RFdLagjymHtXr6', 'teacher'),
('stu1', '$2b$10$UOt0Yc9C6QAII/pGRD8xnu5GXITevwMIxDNG8jD86u9umdyOrEv06', 'student'),
('stu2', '$2b$10$9RF6bNR6m5KfpRMN1kjud.0kER6qyldGT.oh/Tr.ooKQcqJpEXOmm', 'student'),
('stu3', '$2b$10$Ui9Y7N7PAyswTqS3NRD0GOhi6cY2LljK0zAAIxWu3E/cEk0hoK/oq', 'student'),
('stu4', '$2b$10$NxG8oqd9dQ1CyBaMjx2tgOXk38mhq3kooRZrg7UPUXSLAFE5zDrhG', 'student'),
('stu5', '$2b$10$9NL/pB.biNOmNcp5XSOY9.LxpRARM.p5WSckTyTC7WvPJwHm/XsJ6', 'student'),
('stu6', '$2b$10$34FB16tCLqXXPl.68pMbBOok8RWEJZwalCezZZTbaICxpJpVgbdgO', 'student'),
('stu7', '$2b$10$9Kq0Q0Nir2nNgPlbg0jDDuUj/Qp8bPKR5WwpKBlHNjQJq/aRZOBJ.', 'student'),
('stu8', '$2b$10$pM/FfJdizwOmmjZX6kcDzOMgPY.9HU9VY2jniYIqsuXFf6YbMcEcO', 'student'),
('stu9', '$2b$10$zCRB5xWiSyd869Ke4UdRNudkB90J91f.kmLyYtNuD5yU7I4HZ60ie', 'student'),
('stu10', '$2b$10$OW3IiCKdh9zhxOyVluMcU.2ssuQ52eByWzYDE0JP5VB61KuQaVSAi', 'student'),
('stu11', '$2b$10$hXzADFhYtmCgO5S.whbdg.AC61hcdd0mONUOmpO50H4EIGtbbfDUS', 'student'),
('stu12', '$2b$10$Bv/TOjJv0K7iqzhnIgQcHOWjMa02rLckiG3G46GPSEVP.Afcd80Je', 'student'),
('stu13', '$2b$10$RcGOApEqQH.XM.dDoiMz7.4wJioPZHmfJ3wzlMSJI/vxv0JhPSgwa', 'student'),
('stu14', '$2b$10$gQvtIW9nenSbVjS.su7OPOzCMMxnBdL07v4O6cRzw5bVGy0pTwIZK', 'student'),
('stu15', '$2b$10$0G/1/WImmaIUy4is9a2SpebF/HxrcqYLWB/5knMgK5CKPQJbbwSDm', 'student'),
('stu16', '$2b$10$gyfsL2hOsq87lg70jIyjluPwBz5XeSE/9/3JSXnwoyXj7nqNdNjeO', 'student'),
('stu17', '$2b$10$kOKC9In3WPy4mUNFoBdf7OnU03w8jW135ljmSigZcN2tl/CBsgQBa', 'student'),
('stu18', '$2b$10$bGWDbXv6KWwnZpWplVYl8Og9wP09fn.hZ.Z4ipQj0AzD.Dhe9hqOS', 'student'),
('stu19', '$2b$10$kc1W5B9trfpFZlyDA73wnuZloetD6FydkyFhEVrJQIjCTGjJLE/Za', 'student'),
('stu20', '$2b$10$lfg4MKtsukcIWFsjUUAK0e8FOTU2U79bFNszQfP1hygy7nNE6x5BO', 'student'),
('stu21', '$2b$10$EEVsiN70dLiu0CZy84yPEOoMq3T6GOUFeykPHBcNkResoe1oR60CO', 'student'),
('stu22', '$2b$10$iyk.wFwZ9QyF7b86tTeuu.P9wqVqsbBIVdGxwHLxgo2XUiswWr.MG', 'student'),
('stu23', '$2b$10$ernIGUI0sh7Jw5e/3MAfuubXenqydEvQxNpEDFEGS.XiNi3TT4nty', 'student'),
('stu24', '$2b$10$M9qFoP2fYGYsOfdEptBhjOsSAOz3FhWvIhRdGwuDq997gW7ly0PyS', 'student'),
('stu25', '$2b$10$5FyKSeMrvdZuxgNM2EbfYea1TDO1P2u9sXn6Ix33jkrJd9/S.TLla', 'student'),
('stu26', '$2b$10$sl0Si4dOSDvScadK5Muzt.16.K4tk5aBEIwNaQrSosITMugL5IoIS', 'student'),
('stu27', '$2b$10$NHQDdlfZPgdyWOMY5W5W1O2q6SsJGEXMKy0xJSCzyLU4umxbINgLu', 'student'),
('stu28', '$2b$10$5b6e33Q7BfWYFAEk9dWpQugly1xpClfwbMKFytzjn6frRC.ZuW8Ku', 'student'),
('stu29', '$2b$10$X0McDH31GpepLNWNjnUcE.NrTz/coxFBV.1IkM.JE71mPKRW8ONoK', 'student'),
('stu30', '$2b$10$LKkFwpKWU/aDcSwzSPTI8eDX1/ywqGNLHD/AFpxF3DDYWn4ROD6LO', 'student'),
('stu31', '$2b$10$/jdaZG2.89I4aAo65jxhwe/R0ekf/MW46NhFvpRAZnZ56LTWWzftu', 'student'),
('stu32', '$2b$10$P2uRx7f3ogNdlPV29lWEde4ma2hkt4WHpfMR/7CrG2xTf3k8Xr0Hq', 'student'),
('stu33', '$2b$10$MWZi6Qhm7op2Ztp/SeVWA.BZ8YbMjFTsIuHq5We7O6U5M.VWWc8oC', 'student'),
('stu34', '$2b$10$zY6Di6.VCC1Jn9yVWLBk5OHlj0fC004r1gdu0FENmCDFW5d.UvW0.', 'student'),
('stu35', '$2b$10$jiJ08gMVJlMNyMxJ0.gx5.QdOh/uwSSF8ZGHwTj6SD79XvhQqHt6a', 'student'),
('stu36', '$2b$10$u2ns1TtQMWIIr/XC/IDshelKgHqUKi0z3UfJ1zs/IlOPnhvLCJw9S', 'student'),
('stu37', '$2b$10$iT2BNBa5GKsAvYIt7sDvee1IaXUDyJsvtPVwvygAVRDfyPLEmwKU.', 'student'),
('stu38', '$2b$10$i/siFy2lSf0D3r.FAQttGuNELdytxqXFOa5wEArptD/Yw/gtiv54O', 'student'),
('stu39', '$2b$10$H1EAQgPQH37yB9hCn33ueeCc0ABrDcx3JLwWG60bll32Hvgi.9HKm', 'student'),
('stu40', '$2b$10$gd.QtjbYO5jY23qXxa9TnOHDKSRxdYqWKyvQtU5pWFpU5mQKLK0Y6', 'student'),
('stu41', '$2b$10$F2ApuNIjQocwaxBRNAMwaOXSROdskMk9XAL.haLDjABpYacqXJtN.', 'student'),
('stu42', '$2b$10$ftdUi6NWsUmYpSqv0Wr3O./3ftWk0uX0tX0uM9DLMdUOpI8rWpVZu', 'student'),
('stu43', '$2b$10$YTF1nscMsHMlNAV1sydC6euteu7plY/m5s4COtwUIuh5x0F3nQoce', 'student'),
('stu44', '$2b$10$dVOy/8qA4G.kweXTnixiOOYRwj5RsrNZiyqoHwv6H/qPD0ZirquVS', 'student'),
('stu45', '$2b$10$w12jC7BCb9kMJ0R9rd2t7udGk4Wok4M7w0Yr3LI0npRKnJVcueDre', 'student'),
('stu46', '$2b$10$r0hDAia2/Wh6/MAF8S0dkueM3CuvAdElspNtOK0T8dNGwAQwWsFkO', 'student'),
('stu47', '$2b$10$V73dIxm8UkCEstIbGayfd.EdwoiC46AP80P9dET.mLqj.SMcL0QgC', 'student'),
('stu48', '$2b$10$A3nbgE08sPtDNnSgL8.SSeGnwYNABLcLI8hSZBRjM8NJRVAkottye', 'student'),
('stu49', '$2b$10$tIqJqxMlk2bewyRdb2U5s.IKfz.xTtkMZcTrMo4L1DaHV5uyrFPZK', 'student'),
('stu50', '$2b$10$Nv8e/n4KqQST9pdKuE.HCedxap/103Frd3ehYlsLGWIJ1uQtvfcAK', 'student'),
('stu51', '$2b$10$4CVVbXy5fLtmtrJStz3DU.MdQcEgCydVnFMAr9BCikoGbSgL0pEx.', 'student'),
('stu52', '$2b$10$Q7bOm1wmVcz97tqI.cTkoeYo6J3.ijirJ0cV8nbTe0g.zdoM62mPO', 'student'),
('stu53', '$2b$10$uKUb4xQ1PY9wWSajzFJ4ieZj4RopUYiGgmlUvyO6Ypgyo2vs58upy', 'student'),
('stu54', '$2b$10$rXITXGqdDwz58u548N1OUOMPKoBQvhDPlLnlgRCwMKvHLu6iWADLi', 'student'),
('stu55', '$2b$10$6TtKagu7USmdtAyafFPIcOgcMFL96atRHjbGge7x/Y4m09U32PMaS', 'student'),
('stu56', '$2b$10$ppt3/n8aXBlInakF17pMnOfzMDTbCuAAS/SBGWP.ss4yxJ2IzZH36', 'student'),
('stu57', '$2b$10$PnCkwyt.0rGdzi2cYNqkDeGF/OmMlSdmtu7Rfm.cb7EV5zlmJuGGG', 'student'),
('stu58', '$2b$10$8IXlw73.XEBGr9to40.4Iu4SMX9xYQQgWqGJh1ee9tc4X6hiTp0Ee', 'student'),
('stu59', '$2b$10$2TAZ6shVjzRoyRwzDYdZ9eVUvY3CfPgJfuSprHNdO5IYSOgL1jnny', 'student'),
('stu60', '$2b$10$sLqXKnfPCENF5ccdW2mAAuY5GtQtm5DsY8OxvqA16LOBqRbmfCW9W', 'student'),
('stu61', '$2b$10$5EpmFMOPmg9mF5GJ1LhGLu8dFhMYEug7TBlvKlcBbo4Da/8bcYu1C', 'student'),
('stu62', '$2b$10$iZ6VKOlW5kxdtNTJT13REOHOfk/CQkrxYitXGsSqVeeCYDB7z321e', 'student'),
('stu63', '$2b$10$lZ.zrH.BHzm39Hwr7MOG5u8WCcHpv3KOU4cD5YZBAOWoYJPowsKAa', 'student'),
('stu64', '$2b$10$NF58XyxvTV2dyJ79PWStFeQGpNoVWJzYcYyAbrD38tQiLQmdtNDyy', 'student'),
('stu65', '$2b$10$Gzq6QnHmlFzRHEC4IHsebOarFwSt/saJNmKlXiILqwmIaXlej9hP6', 'student'),
('stu66', '$2b$10$16o2K9CiyeLhfAGhVg/fceq9c1pS4VVRtYUefCZP.iWvdJAiHmQoK', 'student'),
('stu67', '$2b$10$oFO/aGO0Y/VTwijOl/.N0ecXdCkLW.uuGttDyiGXxY73sXp3Lu7su', 'student'),
('stu68', '$2b$10$izw5yhyoHc1onjGwOs.EGOrmEFxfr5DqC64kLKvCn4WL9Y.26uaJa', 'student'),
('stu69', '$2b$10$RbBQP.fnqMUXYDdVQ5gVVO2q9qCMJ.F/7oKRvLPCJPURTNqWfVblG', 'student'),
('stu70', '$2b$10$TAjuqB1UfpveC3/1YKTfW.r2KaVMCmT9IaOA1gtrNXYyxCina9NEq', 'student'),
('stu71', '$2b$10$lA3dYzU0uu4.Vq8Ady1kkOCr0ElrLaLDBU7UmMl9BLH97R9PxqnVO', 'student'),
('stu72', '$2b$10$Yi5HYRq3OAYAoDR/zORrh.w/n8GEZVZUCf7FO0Vn8cF9U2/fiTzCe', 'student'),
('stu73', '$2b$10$sF0/MWRwPXaTCsdIBB.PMedKWz20mcDn8hLtfVVCoaKr8Mc7pMdAy', 'student'),
('stu74', '$2b$10$MieiyJOLa883ugnIT8BOBuaV54RfWWvMwDPr7DK7QEsyym7umj2Le', 'student'),
('stu75', '$2b$10$S9la64CikwCJ4V6y.lcxVOgTzHCLUQiphCGpWJ2g1SJeepEJZqJO2', 'student'),
('stu76', '$2b$10$ChFXw3EFnRmE/ZxITqnXO.tMmUKaUiNmM/WzvXioAX7ytXIby/j5K', 'student'),
('stu77', '$2b$10$ZS5akkCPBW7bok9bVvkzgutav7cKK/iqAHGqhqv3kKg8K6nRy3fCO', 'student'),
('stu78', '$2b$10$19bgHgBmf1pM/E6BWmpgI.1XTqorpLPgjzcAaXQsNAdZG0TeTfxny', 'student'),
('stu79', '$2b$10$1G.izMKowOnkDXuHnacNzOI6Z7Q11fmz5JT4HWaMRFVJ3VM0BmO4C', 'student'),
('stu80', '$2b$10$RYMOBR5rDXxUxr5q3iqNNuftKVkmTP1N0buYhAyHpYBdhthCK/HVS', 'student'),
('stu81', '$2b$10$UfcYB10R6fBO1yLC3x3HhuCSHc0l3fMS2mZJv2GVEdhSUrmdNPJk.', 'student'),
('stu82', '$2b$10$VM9m6uhFgg4PaAJ2RTo76uOPEjBpNb2aoGtJBw8Ufd5Ypp.g39CD.', 'student'),
('stu83', '$2b$10$ZIKHSee46Gk0P41bnGCFBOc9x0sHGQ54kVBXYzCHeF7hsePsnr.9W', 'student'),
('stu84', '$2b$10$xDOMI/.T4MOxZ48/9Ivi4.jZVugtwKjDVbjOQLaSYsaSdorr7B12a', 'student'),
('stu85', '$2b$10$at6xrafMVo/xxpQnrWymHukEmCyj2Yv08aJyQKZHmx81jG.8e6Khu', 'student'),
('stu86', '$2b$10$NnET0uNX5EC3h1G6mSgU3uFrVeGUKUbH4z8oNPA7jkmmNHE8iwGyS', 'student'),
('stu87', '$2b$10$.kRQKQSOydN98F.aH7QjeujfsWMys9qWAzUVph34NDaYgGOY8MlFS', 'student'),
('stu88', '$2b$10$OiDCGCgT4J0.C9PpJ0Juo.YUeG94/LkKDKk7zPHrufzXEFC9m28pK', 'student'),
('stu89', '$2b$10$pDdPOwHk3of6iITB5C8e0./S7MbqXrt/AYDb5RKvY8t34noBYQMRO', 'student'),
('stu90', '$2b$10$2VVgZdRfB.ptVAfWS/a6M.YM8fIo6zC9qLLn3XWNWMz39mDDz7U02', 'student'),
('stu91', '$2b$10$58t62xaiJ5DUnrxFtjdx3ulEMz8s/96p4nJEo34cdeUPbgVkzsXLu', 'student'),
('stu92', '$2b$10$0svuT0Auf.q5Gx7OVZSc4O1fDX3NkiqxmTtzoy3Cfr1piOjqE1tdO', 'student'),
('stu93', '$2b$10$OBc0.xxrRpbipyYH55yeFeiPsmdbG1N5HVTt42X8O6lojvACSY0w2', 'student'),
('stu94', '$2b$10$6wA7ELX4sX.V0cDKlWjuPOipjma.uPuoecDGJeMRX6o3LLLU.sSwy', 'student'),
('stu95', '$2b$10$cAt5PKmUcZ5zF9vQCU7zLeWI0ipXme9XD8x.4Jhr9zaIhfVndJ.BG', 'student'),
('stu96', '$2b$10$biDvsoTMJc/doV4Ol5hs3OSGYBS15jNopab8ASDJTqImOcbMfAiue', 'student'),
('stu97', '$2b$10$2m3YXH8Mlt/BJ5jLqHfckeedAYk4FrDLYS9qi01JlBnqH7OdbxEsW', 'student'),
('stu98', '$2b$10$LFrQ01WxwXckcMh2Z0wbs.DQhNEd4QzmGMktoKSioeG01ZH1WlLKq', 'student'),
('stu99', '$2b$10$iQqnebRBJYsb4VUEqjqfOemSBUyG3PArHc75PZdr5T/GuXjIAFt5m', 'student'),
('stu100', '$2b$10$9QA1WlT.boepnml.KTzzsOqkXbVLpMw//wDUdbt30vzY2EXll7.ne', 'student'),
('stu101', '$2b$10$i4V1/MCskp0AUZbaJ24VOO8ADS/VEaOu4ioHMv0XPpNAeUOsOdc.a', 'student'),
('stu102', '$2b$10$H9Y03L24SWmi6yB93t/UVelU3pEB8wqL37jCYJ3j2qDnE.jDO8p5C', 'student'),
('stu103', '$2b$10$ZM5Vpf6fXquXx9/GjLt70uR/ZsLKc.742S42BmJcvB0iXgdShV2SC', 'student'),
('stu104', '$2b$10$mkwq5QtLv9Hr0jJ.RrfT5./7pV9qylzXByqIWsyzWPf7YAJ7rTCzm', 'student'),
('stu105', '$2b$10$6vNAwTRsV1RTIrIy3i.2.ujYVCCdy4ka6TnxAA9QLx0eHX8TEFPmG', 'student'),
('stu106', '$2b$10$QD1r16ap64Jp1oc4dObFmuk.EXg3xtB5keH/.vbTjlMmK6xAI5322', 'student'),
('stu107', '$2b$10$yf6wmTtdLjpl85b6dE52yuy5uXp.kqJfuo3w/La.Zge/3ZhAofzMO', 'student'),
('stu108', '$2b$10$R9Op.NLREo993mmvNdJPF.AXuvKzsAXZEMW3CzQU9H2pOlsitwng.', 'student'),
('stu109', '$2b$10$SuULjJ1yysJ94evRlU9ogO2q3KJO3YmpUa3mQLfO1.ATCt3Uyz8We', 'student'),
('stu110', '$2b$10$14.thRue/e4Xl3YBYHVl6uT7wdwjEBbWBGwFrEmYYvRsik2Q5xUue', 'student'),
('stu111', '$2b$10$ut2ze8e0//xkpTa6nKSs3uhbUhtNdp36wTEkMj6OCQKiCjxmGbW0i', 'student'),
('stu112', '$2b$10$XciJg9vNT1YOjqoSZfLg8eSdROm0NgzkdyztAJcyVcrRnqK22vcGG', 'student'),
('stu113', '$2b$10$VC0GEegS12Fo0elEj5Lp5u.5UsrrRWljcGHsX5wUdPgjVfPvUPWCK', 'student'),
('stu114', '$2b$10$1hHDMCD1Y0zNApRzslkE2uMg5j6IKR.sSTptFvHBw8dv7EQCdqNRG', 'student'),
('stu115', '$2b$10$ysLpYnv7JB0US/pXekzTxOAqMCBFxJOzOkQEWVcSBGIJft/zqvOFS', 'student'),
('stu116', '$2b$10$PIdYjRBN93WMBYCJuDjm7ux4luBFfug8HrAVBwMOfEHJSQ0MhEju2', 'student'),
('stu117', '$2b$10$v8Ka1xRH0tlEWPr0ZnQYXe9p1/4Et.xUPs3.9LO9ykVdXLn1geEim', 'student'),
('stu118', '$2b$10$FDpZI/bDYCrceK8hdjrvfu3iqOGo0WMcFHhiCzEu12bX.HbgkN2Gq', 'student'),
('stu119', '$2b$10$bqSyEYvBqD4ciMKCO.XW5Ot6utb.G2iAEsGmxyPI/x7YCO7MjPU3W', 'student'),
('stu120', '$2b$10$XpotrY5BdK7EenZOkTQOquBfMkuoIUyP1CaDh9uuGHYVesRUU7CVm', 'student'),
('stu121', '$2b$10$VdUrSDSXn3.VeKFTw35zVe9Q1g8UCv7HpnD49epWxxdH8bhJabKdK', 'student'),
('stu122', '$2b$10$Z97/SPB0MmBOGz.wytQtKew4UWCa/tEYNEGYVmCXJ.zyA041GRHeC', 'student'),
('stu123', '$2b$10$nAx3gRd6rucsiHMDMDc/WO.HIc/GHDLAuRMmQHBk7wVUBsSA/t6WK', 'student'),
('stu124', '$2b$10$iGILbkhYTbOKdHuMwJxK/eggDcYcSYD/9QX.Li0ntC1MUIa9q81wa', 'student'),
('stu125', '$2b$10$/7KoLikVfjW0lUnBcneVIuNhn4A1KBspPKOesd5jbTXDiBgFXAxYq', 'student'),
('stu126', '$2b$10$jUo6bsxSerkAHkUjUJKas.Y93Um4/SthmZ8QgEglt/.UhpwngMPeW', 'student'),
('stu127', '$2b$10$hEw0dGRM988knp70tFsJjOLT4MeuhL/wjZK9U8JPqftaDcbfyUCiy', 'student'),
('stu128', '$2b$10$7b4i6R5TCpSSk2WFd3oc/eGf86wZicTgjiy9AVqpFEnekA/DUwY4i', 'student'),
('stu129', '$2b$10$gMzKj96mb0DNUodw0NIf0./ajfMclpeGhSnBp.fRsZ47x9RsjboLW', 'student'),
('stu130', '$2b$10$e7sSGM5FCExpJg99yANL5ul45YdAXmcRLnX7hgY3FNYPKWh9e5yKC', 'student'),
('stu131', '$2b$10$knLzHXxN79Gie5eiX1SPB.Tt714vWGZ6.Z4w2gvxeDsUajlfYqs7G', 'student'),
('stu132', '$2b$10$T12FBrfRydLBMYnn9OhC7O83KElkiaHId.MPV1GP05Ji7yEfKriM6', 'student'),
('stu133', '$2b$10$wh8Ph2nmHERJvSVFb1GjC.3WdGkUSiRJdRiphsPneDtz4jX9EVacC', 'student'),
('stu134', '$2b$10$izArvGUivX3PvkvsLrhoMu1LYry64aTuq.8Lzub7EMkwmH9nTf4dO', 'student'),
('stu135', '$2b$10$dLVhTikBGTQZST1Ui9U.huS0T/4xEQ8rDX3aqgqjI/Qddc1ZmzG7.', 'student'),
('stu136', '$2b$10$CL/ZetFWdt3UiJ1OvohtpO8Ntcg0nhNk/aKh2EZKQpuQ6PpFkPObm', 'student'),
('stu137', '$2b$10$.jIDbczypvLlmtWayKydHOQgWqeXM9IONTzPdab4Cbxe8NXxVDyoq', 'student'),
('stu138', '$2b$10$QhPlBoBHX7n9QDRmkkg3WeN.U/sWrmvETC.wJvEN70PI7CAzf8.QW', 'student'),
('stu139', '$2b$10$UNzmSG33ap5.r6cB8blvJuLDXTsx.3bucfsk3T6jzHZyMEIrClFLO', 'student'),
('stu140', '$2b$10$tRhwqLpJwkZd7/0PXfFBbestjzxlL5uYV0qDSOCs9IRz/nxYStmkG', 'student'),
('stu141', '$2b$10$RkC8B2T43CpkOt6VwitX5.VHYDbQWqBZ.yqveIQShPoizyuTff9jS', 'student'),
('stu142', '$2b$10$8jeeXGDlW8wNemwm8qN24.I/juxTvSEH.lCGYCbm/DXkhdWmW33cC', 'student'),
('stu143', '$2b$10$JszuEYEyjXmH4BxT67.TPuL0cFC8CtbmSGoHB3ea1p68BTf2N0TWK', 'student'),
('stu144', '$2b$10$l2uuZ5cz5b7Z8suPfO/Z7uV8z2odL0eEIMQwFOr/xeEpVllTk4.ky', 'student'),
('stu145', '$2b$10$QTvH/xq4jAkLGcDEWfEma.a5yrsyO8sbcIL2Cj2Q9d4aCGJFfE3qO', 'student'),
('stu146', '$2b$10$U9JXg8fjj9io2JX.VCrQYuhHBcwswwToQ6VVJcT5zEtBydmMXqdFe', 'student'),
('stu147', '$2b$10$hY2YVfQkE7GkSg9ShOsS/OBI2Ohmds3dfsDr5kL3OXlkR8oQBKD8O', 'student'),
('stu148', '$2b$10$8S8eOMsv.zbsN9dSBZbgquo8porVQfWrpbBIktgJSwhELOwEDbNi2', 'student'),
('stu149', '$2b$10$41UXdnjqClDOzftUVGg8jOS5z7e2NfuOaPNHfc9cXdvO8Bk8pwxYW', 'student'),
('stu150', '$2b$10$OAlQLTkxfEEJkIfR9cmJseQISUCAkMr0w4Yt/pulk/Viy0mDuwh7G', 'student'),
('stu151', '$2b$10$R3acxOEGCk00uw9DFSB15Oe9AE0PQHog0.SUnvZ0hunv.rT8NddOy', 'student'),
('stu152', '$2b$10$BLkN0DSZPgP/gPKgpOsrAuEAwvSqImzCTh6dyWfi8ThwCqR9P5qXu', 'student'),
('stu153', '$2b$10$.RRfFpdMAw6Nv1dD6e7I4OnNStAT8TBqXK2I/2yShkcn1VjSxk2WW', 'student'),
('stu154', '$2b$10$0z7OFnVmYILgO9lxAPbz1uMNnpoPivLUAzyXiiTt2351hTdLHLCSW', 'student'),
('stu155', '$2b$10$SaPl/iwHOWJ0a674dJuDc.UXxeVTofqU4TRm/YFL0zk6j9N3nFNFa', 'student'),
('stu156', '$2b$10$JLWql8PzCxHM7qWAEfVRKu6QU8KcOF6AJQtIO5IGNy3sqyYSzF/mq', 'student'),
('stu157', '$2b$10$TbvvwZL8xPlyl5PTCCOFZeuCdCz.q51glAvdbkVcskw5QC7ZLgt.O', 'student'),
('stu158', '$2b$10$loSoqT735Lkjx2.Wh7ou.eAlO2ioMTMUM.29oafDfPQ/6qVTa8ZcK', 'student'),
('stu159', '$2b$10$kaKHk3eUb0iYUfjUo8UW/uKoxVWVvZRFCnKk2HzyGmLh6YRxJj.DG', 'student'),
('stu160', '$2b$10$jgdvKypwDYPw.8JAZRuOEeBjCxJV5/fThmRajq.z4iih8FVxrTeTq', 'student'),
('stu161', '$2b$10$D6h6hNETceNhsOiRgli4L.smuO6s3weuAtDB303NeEouYtQhcR4ki', 'student'),
('stu162', '$2b$10$6IYn63ZOM3lec9lKqO6r/uRdwvFc5G/AMiOYqMkDJ06TQDTfrwJJi', 'student'),
('stu163', '$2b$10$LHgaJcpjj8SzhGZtJWXDIeolentAo8p.VXLUKKm.Qm9HUnDqwYo/S', 'student'),
('stu164', '$2b$10$zT0X.zNSwT4Pqkdm1deaqui8T9BHYI9RoAPmSu.fk7rTdEh9sbgqe', 'student'),
('stu165', '$2b$10$/smGEaDT6ZIDqjDZgIgBju2x3D1yCSo6tA5OmQcnF.DovU5KAEfsq', 'student'),
('stu166', '$2b$10$Ks5Qr3iVzzNAoICPkbiabO2BiWlNO/GRfjBPhH8TxbqWrjf900K46', 'student'),
('stu167', '$2b$10$jJn.qbDqkKpk//bmshNcBe9ccYVMoNEmUqz6gqqbCvwhVw2qRiZtC', 'student'),
('stu168', '$2b$10$kjtjzmJasNz0P51Kzd81huz.rhaC6rxPP/L1Gc4g1PzKDDGIk/7MC', 'student'),
('stu169', '$2b$10$grJWr96kkDyindsbyDNCsuQkuI21gtdPhI8SEV/2n2cx2ZiDz84s.', 'student'),
('stu170', '$2b$10$JwqWqH9EHK/DdUHkN3rp..gQB9AkxCLLhmsweyFiUCklis1rgBcF2', 'student'),
('stu171', '$2b$10$ftiwygJm9ruTCNiv8kjKD.zFWCMXgjUNYtuhBRqR5ScU6X2J9/k5S', 'student'),
('stu172', '$2b$10$ppZYwkLDWqW79c93TIaQi.gZI4PyYoC04DO24W5pobm0ThajyYq9W', 'student'),
('stu173', '$2b$10$N2HaVk561T7LvAcl8T/tWeZtkV3opdF9gZ2d1S8w9gl8zkZ0maHTC', 'student'),
('stu174', '$2b$10$9QB3XHlHlxkK3MMsEaJ4puYi1b9nPJPnellpDdmk6nyCSot12TRRe', 'student'),
('stu175', '$2b$10$RZSm1rPpJVMotWQG8Jq5zOt8DE67/pfVW/sa9RbYRRkeALc46TlaK', 'student'),
('stu176', '$2b$10$SP3padJqOyRKWTLapo7AJetc.dhJFxUjVE0EAKhq0Gfq4.ZzxiUV.', 'student'),
('stu177', '$2b$10$88FFdeYDpiQxIKmtINx.L.ZH49qoE1Ap5mJOL8OZQWauvCGoKjZka', 'student'),
('stu178', '$2b$10$5sGLqDcF2MOeoiMKmJT.NuwBynzozyGhIa0.7RKOU0zlUq3eKyE6S', 'student'),
('stu179', '$2b$10$U20dktopYuphCRZnyhk7mOG74Jso4iCnSoO39TMjIehaAQc3Iskmy', 'student'),
('stu180', '$2b$10$OIDxu9RyY6n3wmILu.jfBOd.NDtcGrKtcYarKHH7dyJVfgkwGTQzC', 'student'),
('stu181', '$2b$10$1woGDaOauJpLYnICN2OKMusjXhy5VcoS77OaZZxqlaRPsjNp6YyCC', 'student'),
('stu182', '$2b$10$5TebGIn7RtGkAUZASJIl4enrfXW6etprJJ/nrUjo6dhC3nStAPfNO', 'student'),
('stu183', '$2b$10$Mvi9TOXjzKUobn68HGMrrOnKU9vFc.phwXqoIN6SR525aybhIJ3py', 'student'),
('stu184', '$2b$10$mj1rgckq0y/WEL3/UsWiTumL9hm/qDF08rNdX3dHS9jZhWYGp2wTi', 'student'),
('stu185', '$2b$10$rhzpPeg2aLtoUbRM6tNi1ejuhlwIQN/O4OeSsJS3/cCrkMsH2c0Bm', 'student'),
('stu186', '$2b$10$4tUHouXHyLEEsDx.Rj8Pk.C77ay.10CCGgysKpJZ6NuyvwJZ.qx3u', 'student'),
('stu187', '$2b$10$BgnfcekIUiD1FRBWcuKD3uECQGi0rgwi66V8RUHZUKgFfW3eNYhqO', 'student'),
('stu188', '$2b$10$URuKmW.ZwKUJiKXygVCVb.kGS0YoIfKOGNLSqYtOs04KIB6OWG.uy', 'student'),
('stu189', '$2b$10$R5GVOW6UIpPKb1I4.6aSH.6ZVmRK5ZEZv6R1dfR7urd6eFOkpGoJu', 'student'),
('stu190', '$2b$10$ebpsgV7VdN0GvoxziRTxTucCqRlNYeEHT3U7s0G1o7LR1Y0qGYFka', 'student'),
('stu191', '$2b$10$qre1l79peYfsyOkBxxZmROHukAGwE/MGk70hCzBM2TlevJ82kpoGy', 'student'),
('stu192', '$2b$10$jrOzUVokBE50pemaf0CoOO0Cc/aMJvTh6NQWWtLcT6PVm752hL6aK', 'student'),
('stu193', '$2b$10$rK9XutDkSfK5huS15CLrouKY9/NEvwslR9fOJBJxFec5pslvpseWG', 'student'),
('stu194', '$2b$10$1GeT7rr/aW04GRjdcbFuyOXPgnCvDwkNJkjEQNLFzsiHR85uIu2aS', 'student'),
('stu195', '$2b$10$fQXtx/VFmqSHlGntgRqB8uZhHUzStmvbLPV1x9ibylgyyU4kHubTm', 'student'),
('stu196', '$2b$10$IUQGZdRpTekVyTho4T9xwukKhlva2Zh9WKqma.F./pMczEgNXQjae', 'student'),
('stu197', '$2b$10$CALN7IUK27V6DBAf7GDOBeV7RB03m8KRGHaFFlLZOzmjp9oekhjWO', 'student'),
('stu198', '$2b$10$kqKbzU83d5ND173oOLd/F.ieGZxqfTdLH65/CBwrH.pyOpXwj2XcS', 'student'),
('stu199', '$2b$10$qRMMqRASQ7/MQNmKMbMqiuGipiAgbR1XDBhvUHXlbCAuokEhRAFQy', 'student'),
('stu200', '$2b$10$I.MC90ISIleZDpObNzhmh.4BAeglWYmGkrUIQnTdQnttg5hwFl9wO', 'student'); 
INSERT INTO teachers (user_id, name) VALUES(1,'T-Jay Dority'),
(2,'Lawrie Stegner'),
(3,'JJ Schultens'),
(4,'Derrin Fiallo'),
(5,'Jacob Alescio'),
(6,'Rooke Alsing'),
(7,'Kacey Maxberry'),
(8,'Laurie Pevsner'),
(9,'Tony Grenz'),
(10,'Krish Kurkowski'); 
INSERT INTO students (user_id, name, grade) VALUES(11,'Jean Dibblee',12),
(12,'Harper Schiele',10),
(13,'Colm Bitner',9),
(14,'Dex Danley',9),
(15,'Burhan Genter',11),
(16,'Brogan Michaelsen',9),
(17,'Ubayd Jordt',10),
(18,'Dylan Ghantt',10),
(19,'Samuela Goldinger',10),
(20,'Gerard Agunos',11),
(21,'Darcy Newhard',12),
(22,'Lincoln Molter',9),
(23,'Amrinder Nazario',12),
(24,'Charles Bashore',9),
(25,'Gil Marquard',11),
(26,'Darroch Melgar',12),
(27,'Tobi Lampitt',9),
(28,'Mac Frabott',12),
(29,'Zijie Gansen',9),
(30,'Rori Milhous',9),
(31,'Ronan Launderville',11),
(32,'Dailey Libberton',11),
(33,'Niven Moehlman',12),
(34,'Kyle Ura',9),
(35,'Leroy Burvine',9),
(36,'Cruz Kappes',9),
(37,'Ziyaan Waack',9),
(38,'Arya Mierzwinski',9),
(39,'Devlyn Vansicklin',12),
(40,'Eason Walkes',9),
(41,'Mitch Redfield',12),
(42,'Richie Piorkowski',12),
(43,'Seb Caracciolo',11),
(44,'Bohbi Clowes',10),
(45,'Kendall Goldsworthy',11),
(46,'LLeyton Yacano',9),
(47,'Rohit Huntsberger',12),
(48,'Oilibhear Laskowski',10),
(49,'Callin Lovin',9),
(50,'Rihab Alrais',11),
(51,'Shayne Loynes',12),
(52,'Kenzie Hurrle',10),
(53,'Zeid Laine',12),
(54,'Moyes Becera',12),
(55,'Ronan Westerfield',9),
(56,'Benedict Hughett',10),
(57,'Zenith Maurus',10),
(58,'Faheem Kuberski',12),
(59,'Torrin Skar',9),
(60,'Briaddon Mendel',11),
(61,'Cayden-Tiamo Mcwhinnie',12),
(62,'Keenan Tvedt',11),
(63,'Aonghus Hogen',9),
(64,'Mahmoud Monford',9),
(65,'Aziz Zutell',10),
(66,'Shawnpaul Desonia',12),
(67,'Ismaeel Caryl',11),
(68,'Kaylem Radcliff',11),
(69,'Famara Ballew',11),
(70,'Montague Dressel',12),
(71,'Israel Owney',11),
(72,'Kynan Damien',10),
(73,'Bradan Demagistris',11),
(74,'Harlee Schramek',11),
(75,'Grady Felonia',12),
(76,'Keo Martling',10),
(77,'Reily Cuna',11),
(78,'Carlo Urch',10),
(79,'Kiaran Seesholtz',11),
(80,'Lochlan Trail',11),
(81,'Musse Deese',10),
(82,'Nidhish Stankaitis',10),
(83,'Farzad Echavarria',10),
(84,'Cory Polanco',10),
(85,'Garrett Minium',9),
(86,'Cillian Hoadley',9),
(87,'Amani Szoka',11),
(88,'Wylie Caricofe',9),
(89,'Jacob Verona',12),
(90,'Korey Tetzloff',12),
(91,'Robbie Boyea',10),
(92,'Rian Mon',10),
(93,'Gordon Lallave',9),
(94,'Stefin Montan',9),
(95,'Malakhy Coppola',10),
(96,'Kieren Spring',12),
(97,'Rayan Tremper',12),
(98,'Haydyn Thresher',11),
(99,'Azedine Zucker',11),
(100,'Manolo Nation',11),
(101,'Mueez Schwinn',11),
(102,'Rishi Kilimnik',9),
(103,'Cathal Feerick',9),
(104,'Etinosa Vanderpol',12),
(105,'Renars Tumolo',10),
(106,'Dyllon Liv',12),
(107,'Derrin Szerbin',11),
(108,'Keir Donati',11),
(109,'Jamey Hanis',12),
(110,'Ken Nincehelsor',11),
(111,'Ziya Hallas',12),
(112,'Antonyo Glowinski',9),
(113,'McKenzie Hamar',11),
(114,'Blaike Momeni',10),
(115,'Idahosa Dragna',12),
(116,'Tristain Erbes',10),
(117,'Conor Maughan',11),
(118,'Salvador Gambee',10),
(119,'Tai Harbottle',9),
(120,'Ellisandro Metge',9),
(121,'Wynn Wenk',9),
(122,'Blazej Mcnett',11),
(123,'Roen Lobbins',9),
(124,'Michal Frothingham',10),
(125,'Anton Lazurek',10),
(126,'Daymian Helton',9),
(127,'Tate Campton',11),
(128,'Umar Kruczek',12),
(129,'Daniel-James Ascheman',9),
(130,'Jay Bloemer',9),
(131,'Ciann Schanding',10),
(132,'Loudon Snelson',10),
(133,'Korey Mini',12),
(134,'Cillin Mcclenton',10),
(135,'Johnnie Basten',10),
(136,'Warkhas Simmes',12),
(137,'Philippos Courtwright',9),
(138,'Dante Calicut',12),
(139,'Lliam Aton',12),
(140,'Eren Jermeland',10),
(141,'Kiefer Griffieth',11),
(142,'Jeffrey Petrovits',9),
(143,'Connor Poitevint',10),
(144,'Scott-Alexander Kadow',11),
(145,'Zeeshan Brenhaug',10),
(146,'Asif Pyon',9),
(147,'Mohammed Fulda',12),
(148,'Jaidyn Iberra',11),
(149,'Parker Ruddock',12),
(150,'Sharoz Messey',10),
(151,'Kareem Pew',12),
(152,'Rhuaridh Machamer',12),
(153,'Sheafan Rognstad',9),
(154,'Joshua Droski',12),
(155,'Bryn Mackey',11),
(156,'Mohammad Salamon',12),
(157,'Hector Nardino',12),
(158,'Jerome Wern',12),
(159,'Ty-Alexander Dornseif',12),
(160,'Scott Gavel',12),
(161,'Ege Martella',9),
(162,'Pearce Cuthbert',10),
(163,'Kaydyn Korbin',12),
(164,'Kriss Marso',9),
(165,'Reily Paschall',12),
(166,'Firaaz Dimeo',10),
(167,'Koddi Scheuermann',11),
(168,'Codey Ceronsky',12),
(169,'Burhan Yablonsky',10),
(170,'Arya Dornon',11),
(171,'Ciann Fitzmaurice',11),
(172,'Kalin Pehowic',12),
(173,'Cullen Geil',12),
(174,'Darrel Studmire',12),
(175,'Aryan Smock',10),
(176,'Naif Minner',10),
(177,'Vedantsinh Siebers',11),
(178,'Macauley Hornstrom',10),
(179,'A-Jay Ganiron',11),
(180,'Haiden Oberer',12),
(181,'Linden Chesnut',12),
(182,'Allesandro Inghem',9),
(183,'Elias Tagge',12),
(184,'Brandon Lennihan',12),
(185,'Faizaan Cauble',9),
(186,'Airen Kade',10),
(187,'Shaye Bozzi',9),
(188,'Gianmarco Ojala',12),
(189,'Kiaran Fabroquez',9),
(190,'Logan-Rhys Reyes',12),
(191,'Reeve Twohatchet',11),
(192,'Creag Webbink',9),
(193,'Ramone Copenhaver',11),
(194,'Sol Philbrick',10),
(195,'Murrough Garcea',12),
(196,'Pavit Baltes',12),
(197,'Titi Demuth',11),
(198,'Lyle Viana',11),
(199,'Suheyb Grosbier',11),
(200,'Jazeb Bajorek',12),
(201,'Dafydd Quijano',9),
(202,'Zein Mcartor',10),
(203,'Daksh Aracena',10),
(204,'Caley Kotrba',10),
(205,'Satveer Ellman',12),
(206,'Rhy Kremer',10),
(207,'Ennis Fillion',9),
(208,'Yang Wigfall',9),
(209,'Shannon Fleeting',9),
(210,'Lockey Ostberg',9); 
INSERT INTO courses (name, teacher_id, period) VALUES('Band', 5, 1),
('Math', 6, 2),
('Language', 1, 3),
('Athletics', 4, 4),
('History', 10, 5),
('Programming', 7, 6),
('Science', 8, 7),
('Band', 2, 8),
('Language', 1, 1),
('Band', 3, 2),
('Athletics', 4, 3),
('Study Hall', 2, 4),
('Modern Language', 4, 5),
('Science', 2, 6),
('Science', 6, 7),
('Modern Language', 7, 8),
('Athletics', 7, 1),
('Modern Language', 9, 2),
('Study Hall', 9, 3),
('Language', 8, 4),
('History', 3, 5),
('Study Hall', 1, 6),
('Band', 5, 7),
('Science', 6, 8),
('Modern Language', 3, 1),
('Study Hall', 10, 2),
('Science', 7, 3),
('Language', 5, 4),
('History', 9, 5),
('History', 8, 6),
('Study Hall', 2, 7),
('History', 3, 8),
('Language', 9, 1),
('Study Hall', 5, 2),
('History', 8, 3),
('Programming', 1, 4),
('Language', 2, 5),
('Math', 9, 6),
('Math', 1, 7),
('Science', 8, 8),
('Study Hall', 4, 1),
('Study Hall', 8, 2),
('Band', 3, 3),
('Science', 10, 4),
('Math', 6, 5),
('Science', 3, 6),
('Study Hall', 7, 7),
('Programming', 1, 8),
('Language', 10, 1),
('Language', 7, 2),
('Study Hall', 2, 3),
('Math', 9, 4),
('Study Hall', 7, 5),
('Language', 6, 6),
('History', 4, 7),
('Programming', 9, 8),
('Band', 8, 1),
('Athletics', 2, 2),
('Language', 10, 3),
('Modern Language', 6, 4),
('Science', 5, 5),
('Athletics', 4, 6),
('Study Hall', 10, 7),
('Athletics', 4, 8),
('Science', 2, 1),
('Math', 1, 2),
('Band', 6, 3),
('History', 3, 4),
('Programming', 8, 5),
('Modern Language', 10, 6),
('Study Hall', 9, 7),
('Science', 10, 8),
('Science', 6, 1),
('Programming', 4, 2),
('History', 5, 3),
('Language', 7, 4),
('Study Hall', 1, 5),
('Math', 5, 6),
('Language', 3, 7),
('Math', 5, 8); 
INSERT INTO students_courses(student_id, course_id, grade) VALUES(1, 57, 97),
(1, 18, 99),
(1, 27, 75),
(1, 28, 87),
(1, 45, 70),
(1, 30, 95),
(1, 39, 81),
(1, 32, 89),
(2, 57, 76),
(2, 58, 85),
(2, 19, 95),
(2, 52, 67),
(2, 45, 85),
(2, 62, 77),
(2, 39, 94),
(2, 32, 78),
(3, 17, 73),
(3, 50, 91),
(3, 51, 70),
(3, 44, 82),
(3, 29, 89),
(3, 54, 97),
(3, 55, 92),
(3, 48, 93),
(4, 9, 73),
(4, 2, 81),
(4, 59, 65),
(4, 36, 95),
(4, 5, 90),
(4, 70, 85),
(4, 63, 82),
(4, 40, 97),
(5, 73, 79),
(5, 10, 70),
(5, 19, 83),
(5, 12, 97),
(5, 37, 70),
(5, 62, 81),
(5, 7, 73),
(5, 24, 82),
(6, 73, 74),
(6, 74, 74),
(6, 3, 91),
(6, 36, 90),
(6, 45, 92),
(6, 46, 72),
(6, 79, 92),
(6, 24, 88),
(7, 1, 98),
(7, 26, 80),
(7, 19, 76),
(7, 12, 91),
(7, 37, 88),
(7, 30, 94),
(7, 39, 78),
(7, 64, 87),
(8, 49, 95),
(8, 2, 82),
(8, 67, 84),
(8, 60, 80),
(8, 45, 94),
(8, 46, 65),
(8, 7, 94),
(8, 64, 96),
(9, 49, 75),
(9, 74, 99),
(9, 75, 88),
(9, 68, 96),
(9, 69, 79),
(9, 38, 67),
(9, 79, 99),
(9, 8, 75),
(10, 17, 72),
(10, 34, 72),
(10, 27, 66),
(10, 76, 79),
(10, 45, 81),
(10, 14, 96),
(10, 71, 71),
(10, 32, 94),
(11, 41, 66),
(11, 66, 71),
(11, 67, 71),
(11, 52, 79),
(11, 37, 81),
(11, 38, 90),
(11, 15, 71),
(11, 56, 91),
(12, 49, 67),
(12, 58, 78),
(12, 75, 69),
(12, 68, 84),
(12, 13, 94),
(12, 78, 92),
(12, 71, 79),
(12, 8, 96),
(13, 1, 76),
(13, 18, 74),
(13, 27, 88),
(13, 20, 82),
(13, 69, 72),
(13, 14, 99),
(13, 71, 82),
(13, 40, 67),
(14, 9, 89),
(14, 26, 81),
(14, 67, 94),
(14, 52, 67),
(14, 21, 71),
(14, 78, 79),
(14, 63, 94),
(14, 32, 74),
(15, 57, 90),
(15, 2, 73),
(15, 19, 84),
(15, 76, 88),
(15, 77, 86),
(15, 54, 66),
(15, 47, 85),
(15, 64, 96),
(16, 33, 86),
(16, 42, 75),
(16, 67, 83),
(16, 76, 73),
(16, 77, 76),
(16, 70, 90),
(16, 7, 68),
(16, 40, 69),
(17, 65, 65),
(17, 42, 66),
(17, 3, 82),
(17, 44, 81),
(17, 37, 95),
(17, 30, 89),
(17, 63, 76),
(17, 24, 89),
(18, 17, 80),
(18, 26, 79),
(18, 67, 81),
(18, 12, 68),
(18, 21, 82),
(18, 6, 67),
(18, 55, 67),
(18, 32, 73),
(19, 25, 67),
(19, 2, 90),
(19, 27, 65),
(19, 12, 81),
(19, 77, 75),
(19, 54, 80),
(19, 79, 85),
(19, 16, 88),
(20, 17, 86),
(20, 58, 91),
(20, 59, 95),
(20, 68, 86),
(20, 5, 66),
(20, 46, 78),
(20, 15, 65),
(20, 24, 94),
(21, 41, 97),
(21, 2, 70),
(21, 27, 96),
(21, 36, 97),
(21, 13, 90),
(21, 22, 73),
(21, 47, 95),
(21, 32, 91),
(22, 73, 65),
(22, 2, 72),
(22, 35, 81),
(22, 44, 89),
(22, 45, 96),
(22, 78, 96),
(22, 31, 68),
(22, 16, 98),
(23, 73, 96),
(23, 42, 92),
(23, 11, 94),
(23, 4, 89),
(23, 61, 75),
(23, 22, 95),
(23, 15, 94),
(23, 24, 75),
(24, 33, 78),
(24, 66, 99),
(24, 19, 96),
(24, 60, 93),
(24, 45, 95),
(24, 6, 77),
(24, 47, 74),
(24, 64, 82),
(25, 49, 74),
(25, 2, 71),
(25, 19, 67),
(25, 52, 74),
(25, 61, 68),
(25, 14, 68),
(25, 71, 73),
(25, 56, 69),
(26, 25, 73),
(26, 50, 72),
(26, 27, 93),
(26, 68, 98),
(26, 5, 70),
(26, 54, 88),
(26, 47, 69),
(26, 48, 76),
(27, 65, 81),
(27, 50, 95),
(27, 67, 96),
(27, 20, 99),
(27, 5, 99),
(27, 38, 74),
(27, 63, 95),
(27, 72, 97),
(28, 33, 68),
(28, 26, 80),
(28, 11, 83),
(28, 36, 88),
(28, 21, 70),
(28, 38, 88),
(28, 7, 65),
(28, 64, 83),
(29, 49, 82),
(29, 10, 78),
(29, 19, 72),
(29, 68, 91),
(29, 77, 86),
(29, 38, 91),
(29, 7, 96),
(29, 32, 72),
(30, 41, 73),
(30, 10, 72),
(30, 59, 86),
(30, 52, 93),
(30, 13, 89),
(30, 22, 66),
(30, 55, 73),
(30, 64, 66),
(31, 73, 83),
(31, 2, 74),
(31, 59, 66),
(31, 76, 78),
(31, 61, 96),
(31, 30, 82),
(31, 55, 88),
(31, 16, 71),
(32, 33, 96),
(32, 50, 77),
(32, 59, 86),
(32, 60, 78),
(32, 53, 78),
(32, 78, 72),
(32, 79, 94),
(32, 56, 66),
(33, 25, 90),
(33, 58, 78),
(33, 67, 86),
(33, 68, 92),
(33, 45, 95),
(33, 54, 69),
(33, 7, 66),
(33, 40, 73),
(34, 17, 94),
(34, 50, 91),
(34, 27, 85),
(34, 12, 70),
(34, 13, 92),
(34, 14, 76),
(34, 47, 76),
(34, 8, 68),
(35, 57, 87),
(35, 58, 94),
(35, 43, 74),
(35, 60, 88),
(35, 53, 93),
(35, 38, 79),
(35, 79, 81),
(35, 64, 93),
(36, 65, 83),
(36, 50, 96),
(36, 11, 69),
(36, 44, 90),
(36, 13, 99),
(36, 78, 85),
(36, 23, 71),
(36, 64, 67),
(37, 57, 70),
(37, 66, 96),
(37, 27, 83),
(37, 52, 97),
(37, 13, 81),
(37, 54, 72),
(37, 7, 94),
(37, 32, 90),
(38, 41, 84),
(38, 74, 80),
(38, 59, 88),
(38, 52, 88),
(38, 13, 95),
(38, 14, 68),
(38, 79, 90),
(38, 16, 69),
(39, 57, 84),
(39, 66, 79),
(39, 67, 67),
(39, 20, 92),
(39, 37, 83),
(39, 62, 73),
(39, 15, 66),
(39, 16, 97),
(40, 41, 98),
(40, 10, 73),
(40, 75, 81),
(40, 60, 84),
(40, 37, 76),
(40, 62, 99),
(40, 79, 72),
(40, 8, 75),
(41, 49, 99),
(41, 34, 83),
(41, 67, 71),
(41, 20, 77),
(41, 45, 78),
(41, 70, 76),
(41, 7, 70),
(41, 48, 89),
(42, 9, 90),
(42, 74, 92),
(42, 27, 97),
(42, 60, 94),
(42, 21, 98),
(42, 30, 77),
(42, 39, 93),
(42, 32, 88),
(43, 73, 74),
(43, 58, 99),
(43, 11, 83),
(43, 76, 92),
(43, 45, 73),
(43, 62, 95),
(43, 55, 66),
(43, 16, 72),
(44, 9, 94),
(44, 18, 92),
(44, 75, 74),
(44, 76, 71),
(44, 53, 84),
(44, 54, 72),
(44, 71, 77),
(44, 48, 97),
(45, 17, 78),
(45, 2, 76),
(45, 51, 77),
(45, 76, 67),
(45, 77, 77),
(45, 6, 71),
(45, 55, 99),
(45, 56, 83),
(46, 65, 95),
(46, 26, 66),
(46, 35, 77),
(46, 76, 71),
(46, 13, 85),
(46, 54, 79),
(46, 63, 66),
(46, 64, 70),
(47, 1, 77),
(47, 58, 99),
(47, 51, 71),
(47, 52, 78),
(47, 45, 73),
(47, 46, 69),
(47, 79, 70),
(47, 56, 84),
(48, 41, 87),
(48, 42, 86),
(48, 27, 90),
(48, 12, 90),
(48, 29, 72),
(48, 78, 71),
(48, 71, 75),
(48, 72, 66),
(49, 33, 93),
(49, 58, 73),
(49, 11, 75),
(49, 36, 80),
(49, 29, 85),
(49, 54, 90),
(49, 7, 90),
(49, 8, 75),
(50, 25, 65),
(50, 34, 72),
(50, 67, 95),
(50, 36, 65),
(50, 77, 69),
(50, 6, 85),
(50, 15, 91),
(50, 24, 91),
(51, 65, 77),
(51, 50, 70),
(51, 35, 66),
(51, 28, 72),
(51, 5, 70),
(51, 62, 88),
(51, 39, 68),
(51, 56, 69),
(52, 57, 88),
(52, 74, 94),
(52, 43, 97),
(52, 28, 79),
(52, 53, 71),
(52, 78, 93),
(52, 55, 92),
(52, 72, 94),
(53, 33, 84),
(53, 26, 86),
(53, 19, 93),
(53, 20, 79),
(53, 69, 78),
(53, 38, 75),
(53, 23, 85),
(53, 24, 81),
(54, 25, 79),
(54, 10, 66),
(54, 67, 97),
(54, 28, 88),
(54, 53, 84),
(54, 46, 92),
(54, 31, 66),
(54, 64, 99),
(55, 1, 76),
(55, 26, 99),
(55, 19, 93),
(55, 52, 87),
(55, 69, 88),
(55, 38, 71),
(55, 39, 86),
(55, 56, 92),
(56, 49, 78),
(56, 18, 85),
(56, 35, 81),
(56, 68, 67),
(56, 5, 87),
(56, 30, 76),
(56, 31, 68),
(56, 16, 85),
(57, 33, 75),
(57, 18, 89),
(57, 75, 93),
(57, 52, 76),
(57, 21, 85),
(57, 6, 69),
(57, 15, 78),
(57, 64, 95),
(58, 33, 82),
(58, 50, 94),
(58, 3, 98),
(58, 12, 92),
(58, 37, 87),
(58, 30, 99),
(58, 63, 82),
(58, 16, 70),
(59, 1, 73),
(59, 74, 99),
(59, 59, 99),
(59, 44, 95),
(59, 45, 85),
(59, 14, 67),
(59, 71, 73),
(59, 48, 88),
(60, 65, 72),
(60, 50, 67),
(60, 27, 78),
(60, 52, 95),
(60, 29, 87),
(60, 54, 65),
(60, 7, 69),
(60, 64, 71),
(61, 57, 83),
(61, 74, 77),
(61, 11, 94),
(61, 68, 97),
(61, 69, 78),
(61, 6, 76),
(61, 55, 78),
(61, 24, 81),
(62, 65, 93),
(62, 10, 79),
(62, 35, 71),
(62, 76, 97),
(62, 53, 71),
(62, 38, 76),
(62, 47, 73),
(62, 32, 83),
(63, 33, 71),
(63, 2, 73),
(63, 67, 83),
(63, 68, 83),
(63, 13, 98),
(63, 62, 82),
(63, 23, 68),
(63, 72, 90),
(64, 9, 70),
(64, 58, 79),
(64, 43, 93),
(64, 28, 74),
(64, 45, 74),
(64, 38, 84),
(64, 63, 77),
(64, 72, 98),
(65, 33, 68),
(65, 26, 79),
(65, 43, 70),
(65, 4, 94),
(65, 53, 84),
(65, 6, 95),
(65, 71, 84),
(65, 32, 82),
(66, 65, 66),
(66, 10, 93),
(66, 67, 76),
(66, 68, 74),
(66, 37, 96),
(66, 38, 78),
(66, 23, 65),
(66, 40, 79),
(67, 57, 93),
(67, 74, 87),
(67, 19, 82),
(67, 36, 77),
(67, 21, 72),
(67, 22, 89),
(67, 15, 95),
(67, 40, 86),
(68, 1, 65),
(68, 58, 98),
(68, 51, 66),
(68, 12, 85),
(68, 29, 84),
(68, 78, 75),
(68, 79, 87),
(68, 56, 91),
(69, 1, 83),
(69, 10, 67),
(69, 43, 67),
(69, 36, 84),
(69, 37, 69),
(69, 38, 78),
(69, 15, 74),
(69, 32, 96),
(70, 41, 97),
(70, 18, 98),
(70, 27, 99),
(70, 68, 77),
(70, 61, 95),
(70, 30, 97),
(70, 7, 76),
(70, 16, 78),
(71, 1, 90),
(71, 42, 71),
(71, 27, 96),
(71, 28, 84),
(71, 13, 87),
(71, 22, 96),
(71, 47, 90),
(71, 64, 90),
(72, 9, 93),
(72, 50, 73),
(72, 11, 94),
(72, 28, 65),
(72, 77, 97),
(72, 70, 74),
(72, 15, 81),
(72, 32, 68),
(73, 57, 93),
(73, 34, 94),
(73, 27, 75),
(73, 28, 69),
(73, 45, 72),
(73, 22, 76),
(73, 47, 83),
(73, 56, 93),
(74, 73, 94),
(74, 34, 82),
(74, 59, 78),
(74, 12, 79),
(74, 13, 89),
(74, 30, 92),
(74, 55, 95),
(74, 40, 78),
(75, 1, 99),
(75, 26, 75),
(75, 3, 83),
(75, 4, 65),
(75, 29, 65),
(75, 54, 85),
(75, 39, 79),
(75, 16, 84),
(76, 1, 99),
(76, 10, 78),
(76, 43, 93),
(76, 4, 96),
(76, 21, 98),
(76, 46, 77),
(76, 47, 99),
(76, 16, 79),
(77, 1, 74),
(77, 66, 87),
(77, 11, 79),
(77, 60, 91),
(77, 13, 90),
(77, 22, 75),
(77, 63, 76),
(77, 56, 83),
(78, 17, 76),
(78, 42, 85),
(78, 67, 74),
(78, 4, 84),
(78, 45, 90),
(78, 22, 92),
(78, 15, 72),
(78, 40, 66),
(79, 65, 76),
(79, 74, 72),
(79, 27, 70),
(79, 12, 79),
(79, 77, 83),
(79, 70, 84),
(79, 23, 86),
(79, 24, 86),
(80, 73, 69),
(80, 18, 86),
(80, 11, 74),
(80, 20, 73),
(80, 29, 73),
(80, 30, 66),
(80, 7, 93),
(80, 48, 83),
(81, 41, 84),
(81, 42, 76),
(81, 11, 96),
(81, 36, 69),
(81, 5, 79),
(81, 54, 81),
(81, 63, 79),
(81, 40, 98),
(82, 9, 81),
(82, 2, 79),
(82, 75, 83),
(82, 60, 81),
(82, 61, 97),
(82, 54, 85),
(82, 15, 65),
(82, 40, 99),
(83, 41, 75),
(83, 58, 68),
(83, 27, 85),
(83, 76, 89),
(83, 61, 94),
(83, 78, 68),
(83, 47, 91),
(83, 48, 76),
(84, 25, 74),
(84, 74, 99),
(84, 11, 75),
(84, 44, 90),
(84, 29, 91),
(84, 54, 94),
(84, 15, 72),
(84, 48, 72),
(85, 33, 76),
(85, 18, 98),
(85, 59, 83),
(85, 4, 91),
(85, 77, 89),
(85, 78, 65),
(85, 55, 88),
(85, 24, 99),
(86, 33, 99),
(86, 26, 72),
(86, 75, 75),
(86, 76, 79),
(86, 53, 73),
(86, 30, 83),
(86, 55, 92),
(86, 48, 91),
(87, 25, 74),
(87, 42, 66),
(87, 35, 76),
(87, 60, 68),
(87, 29, 88),
(87, 54, 82),
(87, 23, 92),
(87, 72, 82),
(88, 41, 72),
(88, 34, 86),
(88, 59, 91),
(88, 44, 91),
(88, 53, 90),
(88, 70, 85),
(88, 79, 98),
(88, 72, 73),
(89, 33, 78),
(89, 42, 84),
(89, 43, 96),
(89, 68, 73),
(89, 61, 76),
(89, 78, 95),
(89, 55, 68),
(89, 56, 75),
(90, 73, 99),
(90, 26, 92),
(90, 51, 82),
(90, 20, 73),
(90, 21, 82),
(90, 38, 70),
(90, 55, 77),
(90, 32, 76),
(91, 1, 97),
(91, 10, 89),
(91, 11, 65),
(91, 60, 80),
(91, 29, 96),
(91, 54, 89),
(91, 7, 83),
(91, 56, 94),
(92, 73, 94),
(92, 2, 86),
(92, 35, 78),
(92, 4, 97),
(92, 29, 70),
(92, 62, 77),
(92, 71, 74),
(92, 32, 95),
(93, 57, 82),
(93, 2, 99),
(93, 11, 88),
(93, 12, 93),
(93, 37, 85),
(93, 38, 82),
(93, 47, 67),
(93, 72, 78),
(94, 65, 69),
(94, 18, 81),
(94, 27, 96),
(94, 12, 92),
(94, 21, 99),
(94, 54, 94),
(94, 79, 73),
(94, 48, 91),
(95, 9, 74),
(95, 18, 92),
(95, 75, 73),
(95, 68, 96),
(95, 53, 96),
(95, 30, 75),
(95, 31, 75),
(95, 56, 70),
(96, 1, 81),
(96, 50, 93),
(96, 43, 84),
(96, 20, 96),
(96, 61, 92),
(96, 22, 77),
(96, 7, 74),
(96, 32, 98),
(97, 1, 68),
(97, 50, 82),
(97, 43, 87),
(97, 52, 74),
(97, 77, 69),
(97, 22, 79),
(97, 63, 93),
(97, 48, 82),
(98, 65, 73),
(98, 34, 74),
(98, 59, 85),
(98, 4, 81),
(98, 21, 80),
(98, 14, 99),
(98, 55, 66),
(98, 72, 73),
(99, 33, 83),
(99, 18, 75),
(99, 67, 84),
(99, 44, 97),
(99, 61, 98),
(99, 14, 96),
(99, 63, 67),
(99, 72, 68),
(100, 33, 88),
(100, 26, 91),
(100, 11, 91),
(100, 28, 81),
(100, 45, 86),
(100, 62, 82),
(100, 55, 69),
(100, 32, 66),
(101, 33, 71),
(101, 26, 74),
(101, 35, 65),
(101, 44, 86),
(101, 69, 85),
(101, 6, 94),
(101, 63, 86),
(101, 56, 71),
(102, 73, 83),
(102, 2, 69),
(102, 27, 85),
(102, 36, 67),
(102, 69, 83),
(102, 70, 86),
(102, 47, 73),
(102, 40, 86),
(103, 9, 75),
(103, 10, 75),
(103, 11, 79),
(103, 12, 88),
(103, 13, 73),
(103, 6, 89),
(103, 15, 77),
(103, 72, 89),
(104, 41, 81),
(104, 50, 88),
(104, 19, 65),
(104, 60, 77),
(104, 77, 95),
(104, 22, 72),
(104, 31, 67),
(104, 8, 79),
(105, 9, 78),
(105, 10, 81),
(105, 11, 90),
(105, 52, 75),
(105, 53, 85),
(105, 70, 77),
(105, 31, 92),
(105, 8, 69),
(106, 9, 99),
(106, 18, 95),
(106, 27, 71),
(106, 36, 79),
(106, 61, 67),
(106, 62, 92),
(106, 15, 99),
(106, 64, 75),
(107, 57, 96),
(107, 42, 80),
(107, 19, 92),
(107, 68, 69),
(107, 45, 86),
(107, 30, 72),
(107, 47, 76),
(107, 48, 81),
(108, 17, 79),
(108, 74, 72),
(108, 3, 77),
(108, 4, 68),
(108, 61, 73),
(108, 62, 83),
(108, 7, 78),
(108, 40, 83),
(109, 49, 89),
(109, 50, 79),
(109, 51, 97),
(109, 68, 83),
(109, 5, 66),
(109, 62, 70),
(109, 23, 65),
(109, 16, 94),
(110, 65, 72),
(110, 34, 97),
(110, 11, 85),
(110, 12, 69),
(110, 77, 93),
(110, 22, 99),
(110, 39, 96),
(110, 8, 82),
(111, 9, 93),
(111, 50, 67),
(111, 59, 94),
(111, 20, 70),
(111, 77, 94),
(111, 6, 92),
(111, 15, 73),
(111, 72, 99),
(112, 65, 80),
(112, 66, 75),
(112, 35, 79),
(112, 44, 66),
(112, 69, 66),
(112, 6, 75),
(112, 23, 78),
(112, 64, 81),
(113, 1, 68),
(113, 26, 70),
(113, 11, 96),
(113, 28, 67),
(113, 5, 76),
(113, 62, 69),
(113, 55, 90),
(113, 24, 76),
(114, 65, 83),
(114, 2, 76),
(114, 51, 88),
(114, 76, 73),
(114, 69, 94),
(114, 14, 82),
(114, 63, 77),
(114, 72, 70),
(115, 49, 92),
(115, 2, 87),
(115, 3, 76),
(115, 52, 79),
(115, 61, 98),
(115, 22, 71),
(115, 7, 84),
(115, 56, 79),
(116, 73, 75),
(116, 58, 65),
(116, 35, 94),
(116, 36, 78),
(116, 13, 69),
(116, 46, 98),
(116, 71, 94),
(116, 40, 88),
(117, 41, 66),
(117, 42, 85),
(117, 59, 80),
(117, 28, 84),
(117, 69, 82),
(117, 38, 85),
(117, 63, 87),
(117, 16, 83),
(118, 1, 79),
(118, 42, 92),
(118, 19, 86),
(118, 36, 95),
(118, 77, 96),
(118, 46, 79),
(118, 31, 80),
(118, 32, 97),
(119, 73, 75),
(119, 50, 66),
(119, 75, 99),
(119, 20, 96),
(119, 21, 75),
(119, 54, 84),
(119, 63, 95),
(119, 32, 98),
(120, 25, 76),
(120, 10, 93),
(120, 75, 98),
(120, 60, 83),
(120, 45, 76),
(120, 46, 95),
(120, 55, 74),
(120, 64, 93),
(121, 65, 80),
(121, 34, 82),
(121, 35, 76),
(121, 68, 84),
(121, 5, 70),
(121, 6, 77),
(121, 55, 73),
(121, 24, 66),
(122, 17, 86),
(122, 74, 93),
(122, 11, 95),
(122, 4, 91),
(122, 5, 75),
(122, 70, 78),
(122, 7, 77),
(122, 40, 79),
(123, 73, 67),
(123, 74, 76),
(123, 27, 98),
(123, 12, 68),
(123, 5, 87),
(123, 54, 80),
(123, 71, 88),
(123, 56, 84),
(124, 65, 92),
(124, 26, 95),
(124, 59, 99),
(124, 68, 86),
(124, 77, 98),
(124, 54, 93),
(124, 55, 69),
(124, 32, 76),
(125, 65, 79),
(125, 2, 87),
(125, 51, 81),
(125, 28, 84),
(125, 77, 95),
(125, 22, 96),
(125, 39, 78),
(125, 16, 98),
(126, 41, 71),
(126, 66, 92),
(126, 59, 75),
(126, 4, 96),
(126, 53, 84),
(126, 6, 74),
(126, 63, 79),
(126, 32, 87),
(127, 1, 66),
(127, 42, 75),
(127, 11, 80),
(127, 28, 97),
(127, 45, 98),
(127, 78, 79),
(127, 47, 86),
(127, 24, 89),
(128, 17, 69),
(128, 66, 82),
(128, 75, 69),
(128, 52, 69),
(128, 53, 85),
(128, 6, 94),
(128, 15, 93),
(128, 72, 72),
(129, 73, 80),
(129, 66, 83),
(129, 51, 70),
(129, 12, 94),
(129, 77, 83),
(129, 14, 68),
(129, 31, 75),
(129, 72, 66),
(130, 25, 69),
(130, 58, 95),
(130, 3, 77),
(130, 44, 75),
(130, 37, 95),
(130, 62, 75),
(130, 71, 97),
(130, 24, 79),
(131, 17, 81),
(131, 18, 94),
(131, 19, 71),
(131, 60, 85),
(131, 29, 81),
(131, 6, 74),
(131, 15, 93),
(131, 8, 68),
(132, 57, 73),
(132, 58, 80),
(132, 11, 90),
(132, 44, 87),
(132, 37, 97),
(132, 14, 65),
(132, 63, 67),
(132, 32, 79),
(133, 9, 87),
(133, 42, 92),
(133, 59, 81),
(133, 20, 90),
(133, 77, 75),
(133, 54, 66),
(133, 55, 65),
(133, 72, 74),
(134, 1, 81),
(134, 10, 69),
(134, 27, 91),
(134, 76, 74),
(134, 37, 93),
(134, 14, 97),
(134, 47, 70),
(134, 40, 75),
(135, 17, 99),
(135, 26, 85),
(135, 51, 77),
(135, 76, 79),
(135, 29, 99),
(135, 30, 87),
(135, 15, 81),
(135, 32, 90),
(136, 41, 87),
(136, 10, 95),
(136, 67, 92),
(136, 60, 86),
(136, 45, 66),
(136, 54, 97),
(136, 15, 85),
(136, 56, 73),
(137, 17, 96),
(137, 42, 81),
(137, 43, 92),
(137, 52, 88),
(137, 5, 94),
(137, 46, 66),
(137, 63, 66),
(137, 56, 92),
(138, 9, 91),
(138, 74, 71),
(138, 59, 67),
(138, 4, 77),
(138, 69, 92),
(138, 30, 80),
(138, 31, 93),
(138, 32, 97),
(139, 49, 83),
(139, 26, 92),
(139, 19, 95),
(139, 44, 81),
(139, 29, 74),
(139, 6, 89),
(139, 23, 90),
(139, 40, 83),
(140, 73, 89),
(140, 10, 71),
(140, 67, 93),
(140, 20, 86),
(140, 29, 71),
(140, 46, 87),
(140, 23, 85),
(140, 24, 83),
(141, 57, 68),
(141, 42, 91),
(141, 51, 72),
(141, 76, 73),
(141, 5, 67),
(141, 78, 78),
(141, 15, 84),
(141, 24, 67),
(142, 41, 95),
(142, 66, 85),
(142, 11, 73),
(142, 52, 82),
(142, 21, 91),
(142, 62, 92),
(142, 47, 90),
(142, 16, 72),
(143, 1, 93),
(143, 2, 79),
(143, 19, 94),
(143, 60, 76),
(143, 5, 91),
(143, 70, 73),
(143, 79, 67),
(143, 72, 73),
(144, 33, 67),
(144, 74, 95),
(144, 27, 92),
(144, 60, 94),
(144, 77, 74),
(144, 78, 68),
(144, 55, 85),
(144, 64, 98),
(145, 9, 74),
(145, 42, 78),
(145, 3, 87),
(145, 20, 95),
(145, 77, 68),
(145, 54, 66),
(145, 47, 71),
(145, 56, 79),
(146, 57, 87),
(146, 2, 85),
(146, 43, 70),
(146, 12, 71),
(146, 5, 92),
(146, 46, 84),
(146, 63, 72),
(146, 8, 69),
(147, 1, 91),
(147, 74, 84),
(147, 51, 73),
(147, 28, 94),
(147, 29, 96),
(147, 70, 70),
(147, 47, 90),
(147, 16, 79),
(148, 1, 78),
(148, 34, 70),
(148, 51, 87),
(148, 4, 92),
(148, 61, 83),
(148, 78, 70),
(148, 31, 88),
(148, 24, 79),
(149, 65, 76),
(149, 50, 66),
(149, 51, 93),
(149, 4, 82),
(149, 29, 80),
(149, 62, 86),
(149, 63, 81),
(149, 72, 67),
(150, 25, 75),
(150, 50, 80),
(150, 51, 81),
(150, 20, 78),
(150, 69, 71),
(150, 70, 81),
(150, 15, 95),
(150, 48, 93),
(151, 65, 82),
(151, 74, 90),
(151, 43, 74),
(151, 36, 90),
(151, 5, 74),
(151, 30, 92),
(151, 71, 86),
(151, 72, 85),
(152, 25, 66),
(152, 26, 75),
(152, 59, 96),
(152, 36, 79),
(152, 77, 94),
(152, 14, 94),
(152, 23, 73),
(152, 72, 77),
(153, 1, 76),
(153, 58, 94),
(153, 19, 74),
(153, 68, 79),
(153, 45, 85),
(153, 22, 95),
(153, 31, 79),
(153, 32, 79),
(154, 9, 78),
(154, 50, 91),
(154, 35, 70),
(154, 12, 78),
(154, 61, 90),
(154, 46, 73),
(154, 7, 67),
(154, 24, 77),
(155, 57, 68),
(155, 26, 93),
(155, 3, 77),
(155, 60, 95),
(155, 69, 66),
(155, 46, 89),
(155, 47, 83),
(155, 32, 80),
(156, 49, 96),
(156, 34, 80),
(156, 19, 98),
(156, 52, 94),
(156, 29, 75),
(156, 14, 84),
(156, 63, 82),
(156, 56, 82),
(157, 9, 92),
(157, 50, 99),
(157, 35, 96),
(157, 44, 81),
(157, 37, 95),
(157, 62, 98),
(157, 63, 92),
(157, 64, 82),
(158, 17, 99),
(158, 58, 93),
(158, 59, 85),
(158, 76, 71),
(158, 61, 90),
(158, 54, 70),
(158, 79, 65),
(158, 16, 98),
(159, 17, 82),
(159, 66, 86),
(159, 19, 69),
(159, 4, 72),
(159, 69, 99),
(159, 54, 82),
(159, 7, 76),
(159, 24, 71),
(160, 9, 93),
(160, 26, 83),
(160, 35, 82),
(160, 68, 83),
(160, 61, 83),
(160, 46, 78),
(160, 71, 77),
(160, 48, 67),
(161, 33, 92),
(161, 50, 93),
(161, 59, 76),
(161, 20, 70),
(161, 5, 72),
(161, 22, 74),
(161, 39, 91),
(161, 24, 91),
(162, 25, 84),
(162, 2, 87),
(162, 43, 74),
(162, 36, 79),
(162, 21, 66),
(162, 6, 88),
(162, 39, 90),
(162, 24, 70),
(163, 65, 76),
(163, 18, 72),
(163, 11, 90),
(163, 52, 70),
(163, 21, 67),
(163, 70, 90),
(163, 55, 78),
(163, 48, 75),
(164, 73, 75),
(164, 26, 96),
(164, 27, 71),
(164, 52, 93),
(164, 45, 74),
(164, 46, 75),
(164, 23, 71),
(164, 48, 95),
(165, 1, 81),
(165, 18, 92),
(165, 3, 97),
(165, 36, 92),
(165, 69, 94),
(165, 70, 83),
(165, 47, 79),
(165, 48, 82),
(166, 1, 66),
(166, 42, 84),
(166, 3, 66),
(166, 36, 70),
(166, 5, 71),
(166, 30, 95),
(166, 23, 94),
(166, 72, 77),
(167, 49, 80),
(167, 26, 93),
(167, 43, 74),
(167, 68, 82),
(167, 37, 71),
(167, 46, 89),
(167, 39, 71),
(167, 8, 72),
(168, 1, 91),
(168, 58, 72),
(168, 27, 73),
(168, 52, 77),
(168, 77, 98),
(168, 46, 88),
(168, 39, 94),
(168, 48, 86),
(169, 25, 81),
(169, 58, 68),
(169, 67, 92),
(169, 36, 78),
(169, 45, 72),
(169, 30, 70),
(169, 71, 95),
(169, 40, 97),
(170, 17, 77),
(170, 26, 90),
(170, 35, 77),
(170, 28, 84),
(170, 61, 87),
(170, 46, 83),
(170, 23, 93),
(170, 72, 84),
(171, 49, 75),
(171, 66, 66),
(171, 11, 88),
(171, 28, 91),
(171, 61, 80),
(171, 78, 97),
(171, 31, 65),
(171, 64, 92),
(172, 65, 82),
(172, 2, 85),
(172, 35, 86),
(172, 68, 83),
(172, 5, 96),
(172, 62, 89),
(172, 47, 96),
(172, 48, 98),
(173, 1, 80),
(173, 74, 72),
(173, 11, 97),
(173, 28, 69),
(173, 45, 80),
(173, 38, 83),
(173, 79, 83),
(173, 48, 65),
(174, 17, 78),
(174, 66, 69),
(174, 27, 80),
(174, 60, 68),
(174, 69, 74),
(174, 70, 88),
(174, 79, 68),
(174, 24, 83),
(175, 33, 93),
(175, 34, 91),
(175, 75, 75),
(175, 20, 89),
(175, 69, 92),
(175, 14, 99),
(175, 23, 89),
(175, 64, 85),
(176, 9, 78),
(176, 2, 87),
(176, 3, 65),
(176, 12, 78),
(176, 5, 86),
(176, 54, 96),
(176, 79, 70),
(176, 8, 82),
(177, 57, 82),
(177, 66, 93),
(177, 51, 76),
(177, 60, 95),
(177, 37, 68),
(177, 46, 75),
(177, 23, 74),
(177, 24, 74),
(178, 33, 66),
(178, 74, 77),
(178, 43, 76),
(178, 20, 84),
(178, 69, 76),
(178, 78, 97),
(178, 15, 92),
(178, 32, 81),
(179, 41, 85),
(179, 66, 80),
(179, 19, 89),
(179, 68, 96),
(179, 21, 84),
(179, 38, 77),
(179, 31, 86),
(179, 56, 81),
(180, 1, 77),
(180, 42, 93),
(180, 35, 80),
(180, 76, 78),
(180, 5, 87),
(180, 38, 80),
(180, 7, 90),
(180, 40, 85),
(181, 9, 76),
(181, 26, 68),
(181, 51, 97),
(181, 76, 68),
(181, 21, 67),
(181, 6, 83),
(181, 79, 99),
(181, 64, 75),
(182, 25, 82),
(182, 2, 65),
(182, 51, 89),
(182, 76, 86),
(182, 21, 93),
(182, 70, 83),
(182, 31, 71),
(182, 32, 76),
(183, 49, 65),
(183, 50, 92),
(183, 19, 76),
(183, 36, 66),
(183, 69, 72),
(183, 54, 71),
(183, 31, 91),
(183, 32, 72),
(184, 9, 96),
(184, 42, 71),
(184, 75, 78),
(184, 4, 88),
(184, 77, 99),
(184, 30, 99),
(184, 15, 99),
(184, 16, 77),
(185, 73, 68),
(185, 34, 93),
(185, 59, 92),
(185, 68, 72),
(185, 61, 89),
(185, 54, 83),
(185, 55, 83),
(185, 32, 77),
(186, 25, 65),
(186, 74, 82),
(186, 3, 95),
(186, 4, 67),
(186, 77, 99),
(186, 78, 79),
(186, 39, 98),
(186, 8, 67),
(187, 1, 72),
(187, 66, 91),
(187, 43, 66),
(187, 4, 86),
(187, 29, 69),
(187, 38, 89),
(187, 15, 88),
(187, 56, 91),
(188, 9, 92),
(188, 2, 95),
(188, 51, 80),
(188, 12, 85),
(188, 13, 65),
(188, 6, 73),
(188, 71, 73),
(188, 64, 95),
(189, 49, 67),
(189, 50, 65),
(189, 51, 67),
(189, 52, 82),
(189, 69, 82),
(189, 22, 67),
(189, 79, 81),
(189, 56, 88),
(190, 57, 66),
(190, 18, 96),
(190, 59, 83),
(190, 52, 89),
(190, 77, 79),
(190, 46, 87),
(190, 15, 81),
(190, 64, 82),
(191, 65, 91),
(191, 10, 93),
(191, 19, 84),
(191, 20, 91),
(191, 61, 89),
(191, 70, 96),
(191, 31, 90),
(191, 72, 91),
(192, 25, 94),
(192, 10, 95),
(192, 3, 72),
(192, 52, 94),
(192, 61, 69),
(192, 38, 73),
(192, 79, 74),
(192, 72, 88),
(193, 73, 83),
(193, 42, 99),
(193, 75, 78),
(193, 4, 92),
(193, 13, 84),
(193, 14, 86),
(193, 55, 69),
(193, 16, 86),
(194, 25, 89),
(194, 42, 78),
(194, 43, 77),
(194, 68, 88),
(194, 29, 68),
(194, 6, 95),
(194, 47, 88),
(194, 48, 93),
(195, 33, 75),
(195, 2, 84),
(195, 59, 96),
(195, 28, 96),
(195, 77, 74),
(195, 22, 87),
(195, 71, 96),
(195, 64, 67),
(196, 65, 80),
(196, 34, 73),
(196, 59, 97),
(196, 12, 78),
(196, 37, 73),
(196, 38, 97),
(196, 79, 79),
(196, 72, 91),
(197, 41, 96),
(197, 66, 92),
(197, 59, 83),
(197, 36, 96),
(197, 61, 84),
(197, 6, 87),
(197, 47, 95),
(197, 32, 70),
(198, 65, 96),
(198, 18, 99),
(198, 51, 98),
(198, 52, 81),
(198, 29, 72),
(198, 38, 78),
(198, 31, 95),
(198, 56, 78),
(199, 73, 82),
(199, 26, 99),
(199, 35, 65),
(199, 36, 74),
(199, 29, 69),
(199, 62, 77),
(199, 63, 78),
(199, 8, 75),
(200, 49, 95),
(200, 58, 74),
(200, 19, 77),
(200, 60, 93),
(200, 29, 78),
(200, 22, 89),
(200, 47, 86),
(200, 40, 90); 
INSERT INTO users (username, password, role) VALUES
  ('admin1', '$2b$10$dZ7Fk0wnuyNB/00ghNVDp.pedyof7fo3Gsc0Ln/jUU0gQjJcw0h7S', 'administrator');

    INSERT INTO admin(user_id, name) VALUES 
    (211, 'Gerald Strickland');
  